VQA010,DQBJCDM,DQAJACOD=DQBJACOD AND DQACIFNO=DQBCIFNO        
VQA010,DQCEINM,DQAJACOD=DQCJACOD AND DQACIFNO=DQCCIFNO        
VQA010,DQDNOUM,DQAJACOD=DQDJACOD AND DQACIFNO=DQDCIFNO        
VQA010,DQESYUM,DQAJACOD=DQEJACOD AND DQACIFNO=DQECIFNO        
VQA010,DQFTAKM,DQAJACOD=DQFJACOD AND DQACIFNO=DQFCIFNO        
VQA010,DQGDOKM,DQAJACOD=DQGJACOD AND DQACIFNO=DQGCIFNO        
VQA010,VRA010,DQAJACOD=DRAJACOD AND DQACIFNO=DRACIFNO        
VQA010,VRB010,DQAJACOD=DRBJACOD AND DQACIFNO=DRBCIFNO        
VQA010,VRC010,DQAJACOD=DRCJACOD AND DQACIFNO=DRCCIFNO        
VQA010,VRD010,DQAJACOD=DRDJACOD AND DQACIFNO=DRDCIFNO        
VQA010,VRE010,DQAJACOD=DREJACOD AND DQACIFNO=DRECIFNO        
VQA010,VRF010,DQAJACOD=DRFJACOD AND DQACIFNO=DRFCIFNO        
VQA010,VRH010,DQAJACOD=DRHJACOD AND DQACIFNO=DRHCIFNO        
VQA010,VRJ010,DQAJACOD=DRJJACOD AND DQACIFNO=DRJCIFNO        
VQA010,VRL010,DQAJACOD=DRLJACOD AND DQACIFNO=DRLCIFNO        
VQA010,VRN010,DQAJACOD=DRNJACOD AND DQACIFNO=DRNCIFNO        
VQA010,VRO010,DQAJACOD=DROJACOD AND DQACIFNO=DROCIFNO        
VQA010,VRP010,DQAJACOD=DRPJACOD AND DQACIFNO=DRPCIFNO        
VQA010,VRQ010,DQAJACOD=DRQJACOD AND DQACIFNO=DRQCIFNO        
VQA010,VRR010,DQAJACOD=DRRJACOD AND DQACIFNO=DRRCIFNO        
VQA010,VRS010,DQAJACOD=DRSJACOD AND DQACIFNO=DRSCIFNO        
VQA010,VRT010,DQAJACOD=DRTJACOD AND DQACIFNO=DRTCIFNO        
VQA010,VRU010,DQAJACOD=DRUJACOD AND DQACIFNO=DRUCIFNO        
VQA010,VRV010,DQAJACOD=DRVJACOD AND DQACIFNO=DRVCIFNO        
VQA010,VRW010,DQAJACOD=DRWJACOD AND DQACIFNO=DRWCIFNO        
VQA010,VSA010,DQAJACOD=DSAJACOD AND DQACIFNO=DSACIFNO        
VQA010,VSB010,DQAJACOD=DSBJACOD AND DQACIFNO=DSBCIFNO        
VQA010,VSC010,DQAJACOD=DSCJACOD AND DQACIFNO=DSCSNCIF        
VQA010,VSD010,DQAJACOD=DSDJACOD AND DQACIFNO=DSDSNCIF        
VQA010,VSE010,DQAJACOD=DSEJACOD AND DQACIFNO=DSESNCIF        
VQA010,DQHJAJM,DQAJACOD=DQHJACOD          
VQA010,DQIDOKM,DQAJACOD=DQIJACOD          
VQA010,DQJTENM,DQAJACOD=DQJJACOD AND DQATANTE=DQJTENCD        
VQA010,DQKTANM,DQAJACOD=DQKJACOD AND DQATANTE=DQKTENCD AND DQATANKB=DQKTANKB AND DQATANCD=DQKTANCD    
VQA010,DQMJYUM,DQAJYUCD=DQMADDCD          
VQA010,DQNJINM,DQAJINSK=DQNJINCD          
VQA010,DQOGYOM,DQASIKCD=DQOGYOCD          
VQA010,DQRKIGM,DQAJACOD=DQRJACOD AND DQAKIGCD=DQRKIGCD        
VQA010,DQSSKIM,DQAJACOD=DQSJACOD AND DQASYONO=DQSSHOBA        
VQA010,DQUCTJT,DQAJACOD=DQUJACOD AND DQAJYUCD=DQUADDCD AND DQAJYUSA=DQUADSCD      
VQA010,DQVCTKT,DQAJACOD=DQVJACOD AND DQACIFNO=DQVCIFNO        
VQA010,DTAOGMF,          
VQA010,DTBSKMF,          
VQA010,DTCKKMF,          
DQBJCDM,DQCEINM,DQBJACOD=DQCJACOD AND DQBCIFNO=DQCCIFNO        
DQBJCDM,DQDNOUM,DQBJACOD=DQDJACOD AND DQBCIFNO=DQDCIFNO        
DQBJCDM,DQESYUM,DQBJACOD=DQEJACOD AND DQBCIFNO=DQECIFNO        
DQBJCDM,DQFTAKM,DQBJACOD=DQFJACOD AND DQBCIFNO=DQFCIFNO        
DQBJCDM,DQGDOKM,DQBJACOD=DQGJACOD AND DQBCIFNO=DQGCIFNO        
DQBJCDM,VRA010,DQBJACOD=DRAJACOD AND DQBCIFNO=DRACIFNO        
DQBJCDM,VRB010,DQBJACOD=DRBJACOD AND DQBCIFNO=DRBCIFNO        
DQBJCDM,VRC010,DQBJACOD=DRCJACOD AND DQBCIFNO=DRCCIFNO        
DQBJCDM,VRD010,DQBJACOD=DRDJACOD AND DQBCIFNO=DRDCIFNO        
DQBJCDM,VRE010,DQBJACOD=DREJACOD AND DQBCIFNO=DRECIFNO        
DQBJCDM,VRF010,DQBJACOD=DRFJACOD AND DQBCIFNO=DRFCIFNO        
DQBJCDM,VRH010,DQBJACOD=DRHJACOD AND DQBCIFNO=DRHCIFNO        
DQBJCDM,VRJ010,DQBJACOD=DRJJACOD AND DQBCIFNO=DRJCIFNO        
DQBJCDM,VRL010,DQBJACOD=DRLJACOD AND DQBCIFNO=DRLCIFNO        
DQBJCDM,VRN010,DQBJACOD=DRNJACOD AND DQBCIFNO=DRNCIFNO        
DQBJCDM,VRO010,DQBJACOD=DROJACOD AND DQBCIFNO=DROCIFNO        
DQBJCDM,VRP010,DQBJACOD=DRPJACOD AND DQBCIFNO=DRPCIFNO        
DQBJCDM,VRQ010,DQBJACOD=DRQJACOD AND DQBCIFNO=DRQCIFNO        
DQBJCDM,VRR010,DQBJACOD=DRRJACOD AND DQBCIFNO=DRRCIFNO        
DQBJCDM,VRS010,DQBJACOD=DRSJACOD AND DQBCIFNO=DRSCIFNO        
DQBJCDM,VRT010,DQBJACOD=DRTJACOD AND DQBCIFNO=DRTCIFNO        
DQBJCDM,VRU010,DQBJACOD=DRUJACOD AND DQBCIFNO=DRUCIFNO        
DQBJCDM,VRV010,DQBJACOD=DRVJACOD AND DQBCIFNO=DRVCIFNO        
DQBJCDM,VRW010,DQBJACOD=DRWJACOD AND DQBCIFNO=DRWCIFNO        
DQBJCDM,VSA010,DQBJACOD=DSAJACOD AND DQBCIFNO=DSACIFNO        
DQBJCDM,VSB010,DQBJACOD=DSBJACOD AND DQBCIFNO=DSBCIFNO        
DQBJCDM,VSC010,DQBJACOD=DSCJACOD AND DQBCIFNO=DSCSNCIF        
DQBJCDM,VSD010,DQBJACOD=DSDJACOD AND DQBCIFNO=DSDSNCIF        
DQBJCDM,VSE010,DQBJACOD=DSEJACOD AND DQBCIFNO=DSESNCIF        
DQBJCDM,DQHJAJM,DQBJACOD=DQHJACOD          
DQBJCDM,DQIDOKM,DQBJACOD=DQIJACOD          
DQBJCDM,DTAOGMF,          
DQBJCDM,DTBSKMF,          
DQBJCDM,DTCKKMF,          
DQCEINM,DQDNOUM,DQCJACOD=DQDJACOD AND DQCCIFNO=DQDCIFNO        
DQCEINM,DQESYUM,DQCJACOD=DQEJACOD AND DQCCIFNO=DQECIFNO        
DQCEINM,DQFTAKM,DQCJACOD=DQFJACOD AND DQCCIFNO=DQFCIFNO        
DQCEINM,DQGDOKM,DQCJACOD=DQGJACOD AND DQCCIFNO=DQGCIFNO        
DQCEINM,VRA010,DQCJACOD=DRAJACOD AND DQCCIFNO=DRACIFNO        
DQCEINM,VRB010,DQCJACOD=DRBJACOD AND DQCCIFNO=DRBCIFNO        
DQCEINM,VRC010,DQCJACOD=DRCJACOD AND DQCCIFNO=DRCCIFNO        
DQCEINM,VRD010,DQCJACOD=DRDJACOD AND DQCCIFNO=DRDCIFNO        
DQCEINM,VRE010,DQCJACOD=DREJACOD AND DQCCIFNO=DRECIFNO        
DQCEINM,VRF010,DQCJACOD=DRFJACOD AND DQCCIFNO=DRFCIFNO        
DQCEINM,VRH010,DQCJACOD=DRHJACOD AND DQCCIFNO=DRHCIFNO        
DQCEINM,VRJ010,DQCJACOD=DRJJACOD AND DQCCIFNO=DRJCIFNO        
DQCEINM,VRL010,DQCJACOD=DRLJACOD AND DQCCIFNO=DRLCIFNO        
DQCEINM,VRN010,DQCJACOD=DRNJACOD AND DQCCIFNO=DRNCIFNO        
DQCEINM,VRO010,DQCJACOD=DROJACOD AND DQCCIFNO=DROCIFNO        
DQCEINM,VRP010,DQCJACOD=DRPJACOD AND DQCCIFNO=DRPCIFNO        
DQCEINM,VRQ010,DQCJACOD=DRQJACOD AND DQCCIFNO=DRQCIFNO        
DQCEINM,VRR010,DQCJACOD=DRRJACOD AND DQCCIFNO=DRRCIFNO        
DQCEINM,VRS010,DQCJACOD=DRSJACOD AND DQCCIFNO=DRSCIFNO        
DQCEINM,VRT010,DQCJACOD=DRTJACOD AND DQCCIFNO=DRTCIFNO        
DQCEINM,VRU010,DQCJACOD=DRUJACOD AND DQCCIFNO=DRUCIFNO        
DQCEINM,VRV010,DQCJACOD=DRVJACOD AND DQCCIFNO=DRVCIFNO        
DQCEINM,VRW010,DQCJACOD=DRWJACOD AND DQCCIFNO=DRWCIFNO        
DQCEINM,VSA010,DQCJACOD=DSAJACOD AND DQCCIFNO=DSACIFNO        
DQCEINM,VSB010,DQCJACOD=DSBJACOD AND DQCCIFNO=DSBCIFNO        
DQCEINM,VSC010,DQCJACOD=DSCJACOD AND DQCCIFNO=DSCSNCIF        
DQCEINM,VSD010,DQCJACOD=DSDJACOD AND DQCCIFNO=DSDSNCIF        
DQCEINM,VSE010,DQCJACOD=DSEJACOD AND DQCCIFNO=DSESNCIF        
DQCEINM,DQHJAJM,DQCJACOD=DQHJACOD          
DQCEINM,DQIDOKM,DQCJACOD=DQIJACOD          
DQCEINM,DTAOGMF,          
DQCEINM,DTBSKMF,          
DQCEINM,DTCKKMF,          
DQDNOUM,DQESYUM,DQDJACOD=DQEJACOD AND DQDCIFNO=DQECIFNO        
DQDNOUM,DQFTAKM,DQDJACOD=DQFJACOD AND DQDCIFNO=DQFCIFNO        
DQDNOUM,DQGDOKM,DQDJACOD=DQGJACOD AND DQDCIFNO=DQGCIFNO        
DQDNOUM,VRA010,DQDJACOD=DRAJACOD AND DQDCIFNO=DRACIFNO        
DQDNOUM,VRB010,DQDJACOD=DRBJACOD AND DQDCIFNO=DRBCIFNO        
DQDNOUM,VRC010,DQDJACOD=DRCJACOD AND DQDCIFNO=DRCCIFNO        
DQDNOUM,VRD010,DQDJACOD=DRDJACOD AND DQDCIFNO=DRDCIFNO        
DQDNOUM,VRE010,DQDJACOD=DREJACOD AND DQDCIFNO=DRECIFNO        
DQDNOUM,VRF010,DQDJACOD=DRFJACOD AND DQDCIFNO=DRFCIFNO        
DQDNOUM,VRH010,DQDJACOD=DRHJACOD AND DQDCIFNO=DRHCIFNO        
DQDNOUM,VRJ010,DQDJACOD=DRJJACOD AND DQDCIFNO=DRJCIFNO        
DQDNOUM,VRL010,DQDJACOD=DRLJACOD AND DQDCIFNO=DRLCIFNO        
DQDNOUM,VRN010,DQDJACOD=DRNJACOD AND DQDCIFNO=DRNCIFNO        
DQDNOUM,VRO010,DQDJACOD=DROJACOD AND DQDCIFNO=DROCIFNO        
DQDNOUM,VRP010,DQDJACOD=DRPJACOD AND DQDCIFNO=DRPCIFNO        
DQDNOUM,VRQ010,DQDJACOD=DRQJACOD AND DQDCIFNO=DRQCIFNO        
DQDNOUM,VRR010,DQDJACOD=DRRJACOD AND DQDCIFNO=DRRCIFNO        
DQDNOUM,VRS010,DQDJACOD=DRSJACOD AND DQDCIFNO=DRSCIFNO        
DQDNOUM,VRT010,DQDJACOD=DRTJACOD AND DQDCIFNO=DRTCIFNO        
DQDNOUM,VRU010,DQDJACOD=DRUJACOD AND DQDCIFNO=DRUCIFNO        
DQDNOUM,VRV010,DQDJACOD=DRVJACOD AND DQDCIFNO=DRVCIFNO        
DQDNOUM,VRW010,DQDJACOD=DRWJACOD AND DQDCIFNO=DRWCIFNO        
DQDNOUM,VSA010,DQDJACOD=DSAJACOD AND DQDCIFNO=DSACIFNO        
DQDNOUM,VSB010,DQDJACOD=DSBJACOD AND DQDCIFNO=DSBCIFNO        
DQDNOUM,VSC010,DQDJACOD=DSCJACOD AND DQDCIFNO=DSCSNCIF        
DQDNOUM,VSD010,DQDJACOD=DSDJACOD AND DQDCIFNO=DSDSNCIF        
DQDNOUM,VSE010,DQDJACOD=DSEJACOD AND DQDCIFNO=DSESNCIF        
DQDNOUM,DQHJAJM,DQDJACOD=DQHJACOD          
DQDNOUM,DQIDOKM,DQDJACOD=DQIJACOD          
DQDNOUM,DTAOGMF,          
DQDNOUM,DTBSKMF,          
DQDNOUM,DTCKKMF,          
DQESYUM,DQFTAKM,DQEJACOD=DQFJACOD AND DQECIFNO=DQFCIFNO        
DQESYUM,DQGDOKM,DQEJACOD=DQGJACOD AND DQECIFNO=DQGCIFNO        
DQESYUM,VRA010,DQEJACOD=DRAJACOD AND DQECIFNO=DRACIFNO        
DQESYUM,VRB010,DQEJACOD=DRBJACOD AND DQECIFNO=DRBCIFNO        
DQESYUM,VRC010,DQEJACOD=DRCJACOD AND DQECIFNO=DRCCIFNO        
DQESYUM,VRD010,DQEJACOD=DRDJACOD AND DQECIFNO=DRDCIFNO        
DQESYUM,VRE010,DQEJACOD=DREJACOD AND DQECIFNO=DRECIFNO        
DQESYUM,VRF010,DQEJACOD=DRFJACOD AND DQECIFNO=DRFCIFNO        
DQESYUM,VRH010,DQEJACOD=DRHJACOD AND DQECIFNO=DRHCIFNO        
DQESYUM,VRJ010,DQEJACOD=DRJJACOD AND DQECIFNO=DRJCIFNO        
DQESYUM,VRL010,DQEJACOD=DRLJACOD AND DQECIFNO=DRLCIFNO        
DQESYUM,VRN010,DQEJACOD=DRNJACOD AND DQECIFNO=DRNCIFNO        
DQESYUM,VRO010,DQEJACOD=DROJACOD AND DQECIFNO=DROCIFNO        
DQESYUM,VRP010,DQEJACOD=DRPJACOD AND DQECIFNO=DRPCIFNO        
DQESYUM,VRQ010,DQEJACOD=DRQJACOD AND DQECIFNO=DRQCIFNO        
DQESYUM,VRR010,DQEJACOD=DRRJACOD AND DQECIFNO=DRRCIFNO        
DQESYUM,VRS010,DQEJACOD=DRSJACOD AND DQECIFNO=DRSCIFNO        
DQESYUM,VRT010,DQEJACOD=DRTJACOD AND DQECIFNO=DRTCIFNO        
DQESYUM,VRU010,DQEJACOD=DRUJACOD AND DQECIFNO=DRUCIFNO        
DQESYUM,VRV010,DQEJACOD=DRVJACOD AND DQECIFNO=DRVCIFNO        
DQESYUM,VRW010,DQEJACOD=DRWJACOD AND DQECIFNO=DRWCIFNO        
DQESYUM,VSA010,DQEJACOD=DSAJACOD AND DQECIFNO=DSACIFNO        
DQESYUM,VSB010,DQEJACOD=DSBJACOD AND DQECIFNO=DSBCIFNO        
DQESYUM,VSC010,DQEJACOD=DSCJACOD AND DQECIFNO=DSCSNCIF        
DQESYUM,VSD010,DQEJACOD=DSDJACOD AND DQECIFNO=DSDSNCIF        
DQESYUM,VSE010,DQEJACOD=DSEJACOD AND DQECIFNO=DSESNCIF        
DQESYUM,DQHJAJM,DQEJACOD=DQHJACOD          
DQESYUM,DQIDOKM,DQEJACOD=DQIJACOD          
DQESYUM,DQJTENM,          
DQESYUM,DQQKMKM,          
DQESYUM,DTAOGMF,          
DQESYUM,DTBSKMF,          
DQESYUM,DTCKKMF,          
DQFTAKM,DQGDOKM,DQFJACOD=DQGJACOD AND DQFCIFNO=DQGCIFNO        
DQFTAKM,VRA010,DQFJACOD=DRAJACOD AND DQFCIFNO=DRACIFNO        
DQFTAKM,VRB010,DQFJACOD=DRBJACOD AND DQFCIFNO=DRBCIFNO        
DQFTAKM,VRC010,DQFJACOD=DRCJACOD AND DQFCIFNO=DRCCIFNO        
DQFTAKM,VRD010,DQFJACOD=DRDJACOD AND DQFCIFNO=DRDCIFNO        
DQFTAKM,VRE010,DQFJACOD=DREJACOD AND DQFCIFNO=DRECIFNO        
DQFTAKM,VRF010,DQFJACOD=DRFJACOD AND DQFCIFNO=DRFCIFNO        
DQFTAKM,VRH010,DQFJACOD=DRHJACOD AND DQFCIFNO=DRHCIFNO        
DQFTAKM,VRJ010,DQFJACOD=DRJJACOD AND DQFCIFNO=DRJCIFNO        
DQFTAKM,VRL010,DQFJACOD=DRLJACOD AND DQFCIFNO=DRLCIFNO        
DQFTAKM,VRN010,DQFJACOD=DRNJACOD AND DQFCIFNO=DRNCIFNO        
DQFTAKM,VRO010,DQFJACOD=DROJACOD AND DQFCIFNO=DROCIFNO        
DQFTAKM,VRP010,DQFJACOD=DRPJACOD AND DQFCIFNO=DRPCIFNO        
DQFTAKM,VRQ010,DQFJACOD=DRQJACOD AND DQFCIFNO=DRQCIFNO        
DQFTAKM,VRR010,DQFJACOD=DRRJACOD AND DQFCIFNO=DRRCIFNO        
DQFTAKM,VRS010,DQFJACOD=DRSJACOD AND DQFCIFNO=DRSCIFNO        
DQFTAKM,VRT010,DQFJACOD=DRTJACOD AND DQFCIFNO=DRTCIFNO        
DQFTAKM,VRU010,DQFJACOD=DRUJACOD AND DQFCIFNO=DRUCIFNO        
DQFTAKM,VRV010,DQFJACOD=DRVJACOD AND DQFCIFNO=DRVCIFNO        
DQFTAKM,VRW010,DQFJACOD=DRWJACOD AND DQFCIFNO=DRWCIFNO        
DQFTAKM,VSA010,DQFJACOD=DSAJACOD AND DQFCIFNO=DSACIFNO        
DQFTAKM,VSB010,DQFJACOD=DSBJACOD AND DQFCIFNO=DSBCIFNO        
DQFTAKM,VSC010,DQFJACOD=DSCJACOD AND DQFCIFNO=DSCSNCIF        
DQFTAKM,VSD010,DQFJACOD=DSDJACOD AND DQFCIFNO=DSDSNCIF        
DQFTAKM,VSE010,DQFJACOD=DSEJACOD AND DQFCIFNO=DSESNCIF        
DQFTAKM,DQHJAJM,DQFJACOD=DQHJACOD          
DQFTAKM,DQIDOKM,DQFJACOD=DQIJACOD          
DQFTAKM,DTAOGMF,          
DQFTAKM,DTBSKMF,          
DQFTAKM,DTCKKMF,          
DQGDOKM,VRA010,DQGJACOD=DRAJACOD AND DQGCIFNO=DRACIFNO        
DQGDOKM,VRB010,DQGJACOD=DRBJACOD AND DQGCIFNO=DRBCIFNO        
DQGDOKM,VRC010,DQGJACOD=DRCJACOD AND DQGCIFNO=DRCCIFNO        
DQGDOKM,VRD010,DQGJACOD=DRDJACOD AND DQGCIFNO=DRDCIFNO        
DQGDOKM,VRE010,DQGJACOD=DREJACOD AND DQGCIFNO=DRECIFNO        
DQGDOKM,VRF010,DQGJACOD=DRFJACOD AND DQGCIFNO=DRFCIFNO        
DQGDOKM,VRH010,DQGJACOD=DRHJACOD AND DQGCIFNO=DRHCIFNO        
DQGDOKM,VRJ010,DQGJACOD=DRJJACOD AND DQGCIFNO=DRJCIFNO        
DQGDOKM,VRL010,DQGJACOD=DRLJACOD AND DQGCIFNO=DRLCIFNO        
DQGDOKM,VRN010,DQGJACOD=DRNJACOD AND DQGCIFNO=DRNCIFNO        
DQGDOKM,VRO010,DQGJACOD=DROJACOD AND DQGCIFNO=DROCIFNO        
DQGDOKM,VRP010,DQGJACOD=DRPJACOD AND DQGCIFNO=DRPCIFNO        
DQGDOKM,VRQ010,DQGJACOD=DRQJACOD AND DQGCIFNO=DRQCIFNO        
DQGDOKM,VRR010,DQGJACOD=DRRJACOD AND DQGCIFNO=DRRCIFNO        
DQGDOKM,VRS010,DQGJACOD=DRSJACOD AND DQGCIFNO=DRSCIFNO        
DQGDOKM,VRT010,DQGJACOD=DRTJACOD AND DQGCIFNO=DRTCIFNO        
DQGDOKM,VRU010,DQGJACOD=DRUJACOD AND DQGCIFNO=DRUCIFNO        
DQGDOKM,VRV010,DQGJACOD=DRVJACOD AND DQGCIFNO=DRVCIFNO        
DQGDOKM,VRW010,DQGJACOD=DRWJACOD AND DQGCIFNO=DRWCIFNO        
DQGDOKM,VSA010,DQGJACOD=DSAJACOD AND DQGCIFNO=DSACIFNO        
DQGDOKM,VSB010,DQGJACOD=DSBJACOD AND DQGCIFNO=DSBCIFNO        
DQGDOKM,VSC010,DQGJACOD=DSCJACOD AND DQGCIFNO=DSCSNCIF        
DQGDOKM,VSD010,DQGJACOD=DSDJACOD AND DQGCIFNO=DSDSNCIF        
DQGDOKM,VSE010,DQGJACOD=DSEJACOD AND DQGCIFNO=DSESNCIF        
DQGDOKM,DQHJAJM,DQGJACOD=DQHJACOD          
DQGDOKM,DQIDOKM,DQGJACOD=DQIJACOD          
DQGDOKM,DTAOGMF,          
DQGDOKM,DTBSKMF,          
DQGDOKM,DTCKKMF,          
VRA010,VRB010,DRAJACOD=DRBJACOD AND DRATENCD=DRBTENCD AND DRACIFNO=DRBCIFNO      
VRA010,VRC010,DRAJACOD=DRCJACOD AND DRATENCD=DRCTENCD AND DRACIFNO=DRCCIFNO      
VRA010,VRD010,DRAJACOD=DRDJACOD AND DRATENCD=DRDTENCD AND DRACIFNO=DRDCIFNO      
VRA010,VRE010,DRAJACOD=DREJACOD AND DRATENCD=DRETENCD AND DRACIFNO=DRECIFNO      
VRA010,VRF010,DRAJACOD=DRFJACOD AND DRATENCD=DRFTENCD AND DRACIFNO=DRFCIFNO      
VRA010,VRH010,DRAJACOD=DRHJACOD AND DRATENCD=DRHTENCD AND DRACIFNO=DRHCIFNO      
VRA010,VRJ010,DRAJACOD=DRJJACOD AND DRATENCD=DRJTENCD AND DRACIFNO=DRJCIFNO      
VRA010,VRL010,DRAJACOD=DRLJACOD AND DRATENCD=DRLTENCD AND DRACIFNO=DRLCIFNO      
VRA010,VRN010,DRAJACOD=DRNJACOD AND DRATENCD=DRNTENCD AND DRACIFNO=DRNCIFNO      
VRA010,VRO010,DRAJACOD=DROJACOD AND DRATENCD=DROTENCD AND DRACIFNO=DROCIFNO      
VRA010,VRP010,DRAJACOD=DRPJACOD AND DRATENCD=DRPTENCD AND DRACIFNO=DRPCIFNO      
VRA010,VRQ010,DRAJACOD=DRQJACOD AND DRATENCD=DRQTENCD AND DRACIFNO=DRQCIFNO      
VRA010,VRR010,DRAJACOD=DRRJACOD AND DRATENCD=DRRTENCD AND DRACIFNO=DRRCIFNO      
VRA010,VRS010,DRAJACOD=DRSJACOD AND DRATENCD=DRSTENCD AND DRACIFNO=DRSCIFNO      
VRA010,VRT010,DRAJACOD=DRTJACOD AND DRATENCD=DRTTENCD AND DRACIFNO=DRTCIFNO      
VRA010,VRU010,DRAJACOD=DRUJACOD AND DRATENCD=DRUTENCD AND DRACIFNO=DRUCIFNO      
VRA010,VRV010,DRAJACOD=DRVJACOD AND DRATENCD=DRVTENCD AND DRACIFNO=DRVCIFNO      
VRA010,VRW010,DRAJACOD=DRWJACOD AND DRATENCD=DRWTENCD AND DRACIFNO=DRWCIFNO      
VRA010,VSA010,DRAJACOD=DSAJACOD AND DRATENCD=DSATENCD AND DRACIFNO=DSACIFNO      
VRA010,VSC010,DRAJACOD=DSCJACOD AND DRATENCD=DSCTENCD AND DRACIFNO=DSCSNCIF      
VRA010,DQHJAJM,DRAJACOD=DQHJACOD          
VRA010,DQIDOKM,DRAJACOD=DQIJACOD          
VRA010,DQJTENM,DRAJACOD=DQJJACOD AND DRATENCD=DQJTENCD        
VRA010,DTAOGMF,          
VRA010,DTBSKMF,          
VRA010,DTCKKMF,          
VRB010,VRC010,DRBJACOD=DRCJACOD AND DRBTENCD=DRCTENCD AND DRBCIFNO=DRCCIFNO      
VRB010,VRD010,DRBJACOD=DRDJACOD AND DRBTENCD=DRDTENCD AND DRBCIFNO=DRDCIFNO      
VRB010,VRE010,DRBJACOD=DREJACOD AND DRBTENCD=DRETENCD AND DRBCIFNO=DRECIFNO      
VRB010,VRF010,DRBJACOD=DRFJACOD AND DRBTENCD=DRFTENCD AND DRBCIFNO=DRFCIFNO      
VRB010,VRH010,DRBJACOD=DRHJACOD AND DRBTENCD=DRHTENCD AND DRBCIFNO=DRHCIFNO      
VRB010,VRJ010,DRBJACOD=DRJJACOD AND DRBTENCD=DRJTENCD AND DRBCIFNO=DRJCIFNO      
VRB010,VRL010,DRBJACOD=DRLJACOD AND DRBTENCD=DRLTENCD AND DRBCIFNO=DRLCIFNO      
VRB010,VRN010,DRBJACOD=DRNJACOD AND DRBTENCD=DRNTENCD AND DRBCIFNO=DRNCIFNO      
VRB010,VRO010,DRBJACOD=DROJACOD AND DRBTENCD=DROTENCD AND DRBCIFNO=DROCIFNO      
VRB010,VRP010,DRBJACOD=DRPJACOD AND DRBTENCD=DRPTENCD AND DRBCIFNO=DRPCIFNO      
VRB010,VRQ010,DRBJACOD=DRQJACOD AND DRBTENCD=DRQTENCD AND DRBCIFNO=DRQCIFNO      
VRB010,VRR010,DRBJACOD=DRRJACOD AND DRBTENCD=DRRTENCD AND DRBCIFNO=DRRCIFNO      
VRB010,VRS010,DRBJACOD=DRSJACOD AND DRBTENCD=DRSTENCD AND DRBCIFNO=DRSCIFNO      
VRB010,VRT010,DRBJACOD=DRTJACOD AND DRBTENCD=DRTTENCD AND DRBCIFNO=DRTCIFNO      
VRB010,VRU010,DRBJACOD=DRUJACOD AND DRBTENCD=DRUTENCD AND DRBCIFNO=DRUCIFNO      
VRB010,VRV010,DRBJACOD=DRVJACOD AND DRBTENCD=DRVTENCD AND DRBCIFNO=DRVCIFNO      
VRB010,VRW010,DRBJACOD=DRWJACOD AND DRBTENCD=DRWTENCD AND DRBCIFNO=DRWCIFNO      
VRB010,DQHJAJM,DRBJACOD=DQHJACOD          
VRB010,DQIDOKM,DRBJACOD=DQIJACOD          
VRB010,DQJTENM,DRBJACOD=DQJJACOD AND DRBTENCD=DQJTENCD        
VRB010,DTAOGMF,          
VRB010,DTBSKMF,          
VRB010,DTCKKMF,          
VRC010,VRH010,DRCJACOD=DRHJACOD AND DRCTENCD=DRHTENCD AND DRCCIFNO=DRHCIFNO      
VRC010,VRO010,DRCJACOD=DROJACOD AND DRCTENCD=DROTENCD AND DRCCIFNO=DROCIFNO      
VRC010,VRV010,DRCJACOD=DRVJACOD AND DRCTENCD=DRVTENCD AND DRCCIFNO=DRVCIFNO      
VRC010,VRW010,DRCJACOD=DRWJACOD AND DRCTENCD=DRWTENCD AND DRCCIFNO=DRWCIFNO      
VRC010,DQHJAJM,DRCJACOD=DQHJACOD          
VRC010,DQIDOKM,DRCJACOD=DQIJACOD          
VRC010,DQJTENM,DRCJACOD=DQJJACOD AND DRCTENCD=DQJTENCD        
VRC010,DQQKMKM,DRCKAMCD=DQQKMKCD          
VRC010,DTAOGMF,          
VRC010,DTBSKMF,          
VRC010,DTCKKMF,          
VRD010,VRE010,DRDJACOD=DREJACOD AND DRDTENCD=DRETENCD AND DRDCIFNO=DRECIFNO AND DRDKAMCD=DREKAMCD AND DRDKOZNO=DREKOZNO  
VRD010,VRF010,DRDJACOD=DRFJACOD AND DRDTENCD=DRFTENCD AND DRDCIFNO=DRFCIFNO      
VRD010,DQHJAJM,DRDJACOD=DQHJACOD          
VRD010,DQIDOKM,DRDJACOD=DQIJACOD          
VRD010,DQJTENM,DRDJACOD=DQJJACOD AND DRDTENCD=DQJTENCD        
VRD010,DQQKMKM,DRDKAMCD=DQQKMKCD          
VRD010,DTAOGMF,          
VRD010,DTBSKMF,          
VRD010,DTCKKMF,          
VRE010,VRF010,DREJACOD=DRFJACOD AND DRETENCD=DRFTENCD AND DRECIFNO=DRFCIFNO      
VRE010,DQHJAJM,DREJACOD=DQHJACOD          
VRE010,DQIDOKM,DREJACOD=DQIJACOD          
VRE010,DTAOGMF,          
VRE010,DTBSKMF,          
VRE010,DTCKKMF,          
VRF010,DQHJAJM,DRFJACOD=DQHJACOD          
VRF010,DQIDOKM,DRFJACOD=DQIJACOD          
VRF010,DQQKMKM,DRFKAMCD=DQQKMKCD          
VRF010,DTAOGMF,          
VRF010,DTBSKMF,          
VRF010,DTCKKMF,          
DRGTGSF,DQHJAJM,DRFJACOD=DQHJACOD          
DRGTGSF,DQIDOKM,DRFJACOD=DQIJACOD          
DRGTGSF,DQJTENM,DRFJACOD=DQJJACOD AND DRFTENCD=DQJTENCD        
DRGTGSF,DQQKMKM,DRFKAMCD=DQQKMKCD          
DRGTGSF,DTAOGMF,          
DRGTGSF,DTBSKMF,          
DRGTGSF,DTCKKMF,          
VRH010,VRO010,DRHJACOD=DROJACOD AND DRHTENCD=DROTENCD AND DRHCIFNO=DROCIFNO      
VRH010,VRV010,DRHJACOD=DRVJACOD AND DRHTENCD=DRVTENCD AND DRHCIFNO=DRVCIFNO      
VRH010,VRW010,DRHJACOD=DRWJACOD AND DRHTENCD=DRWTENCD AND DRHCIFNO=DRWCIFNO      
VRH010,DQHJAJM,DRHJACOD=DQHJACOD          
VRH010,DQIDOKM,DRHJACOD=DQIJACOD          
VRH010,DTAOGMF,          
VRH010,DTBSKMF,          
VRH010,DTCKKMF,          
VRJ010,VRL010,DRJJACOD=DRLJACOD AND DRJTENCD=DRLTENCD AND DRJCIFNO=DRLCIFNO      
VRJ010,VRN010,DRJJACOD=DRNJACOD AND DRJTENCD=DRNTENCD AND DRJCIFNO=DRNCIFNO      
VRJ010,DQHJAJM,DRJJACOD=DQHJACOD          
VRJ010,DQIDOKM,DRJJACOD=DQIJACOD          
VRJ010,DQJTENM,DRJJACOD=DQJJACOD AND DRJTENCD=DQJTENCD        
VRJ010,DQQKMKM,DRJKAMCD=DQQKMKCD          
VRJ010,DTAOGMF,          
VRJ010,DTBSKMF,          
VRJ010,DTCKKMF,          
VRL010,VRN010,DRLJACOD=DRNJACOD AND DRLTENCD=DRNTENCD AND DRLCIFNO=DRNCIFNO      
VRL010,DQHJAJM,DRLJACOD=DQHJACOD          
VRL010,DQIDOKM,DRLJACOD=DQIJACOD          
VRL010,DQJTENM,DRLJACOD=DQJJACOD AND DRLTENCD=DQJTENCD        
VRL010,DQQKMKM,DRLKAMCD=DQQKMKCD          
VRL010,DTAOGMF,          
VRL010,DTBSKMF,          
VRL010,DTCKKMF,          
VRN010,DQHJAJM,DRNJACOD=DQHJACOD          
VRN010,DQIDOKM,DRNJACOD=DQIJACOD          
VRN010,DQJTENM,DRNJACOD=DQJJACOD AND DRNTENCD=DQJTENCD        
VRN010,DQQKMKM,DRNKAMCD=DQQKMKCD          
VRN010,DTAOGMF,          
VRN010,DTBSKMF,          
VRN010,DTCKKMF,          
VRO010,VRP010,DROJACOD=DRPJACOD AND DROTENCD=DRPTENCD AND DROCIFNO=DRPCIFNO AND DROKAMCD=DRPKAMCD AND DROKASNO=DRPKASNO  
VRO010,VRQ010,DROJACOD=DRQJACOD AND DROTENCD=DRQTENCD AND DROCIFNO=DRQCIFNO AND DROKAMCD=DRQKAMCD AND DROKASNO=DRQKASNO  
VRO010,VRR010,DROJACOD=DRRJACOD AND DROTENCD=DRRTENCD AND DROCIFNO=DRRCIFNO AND DROKAMCD=DRRKAMCD AND DROKASNO=DRRKASNO  
VRO010,VRS010,DROJACOD=DRSJACOD AND DROTENCD=DRSTENCD AND DROCIFNO=DRSCIFNO AND DROKAMCD=DRSKAMCD AND DROKASNO=DRSKASNO  
VRO010,VRT010,DROJACOD=DRTJACOD AND DROTENCD=DRTTENCD AND DROCIFNO=DRTCIFNO AND DROKAMCD=DRTKAMCD AND DROKASNO=DRTKASNO  
VRO010,VRU010,DROJACOD=DRUJACOD AND DROTENCD=DRUTENCD AND DROCIFNO=DRUCIFNO AND DROKAMCD=DRUKAMCD AND DROKASNO=DRUKASNO  
VRO010,VRV010,DROJACOD=DRVJACOD AND DROTENCD=DRVTENCD AND DROCIFNO=DRVCIFNO      
VRO010,VRW010,DROJACOD=DRWJACOD AND DROTENCD=DRWTENCD AND DROCIFNO=DRWCIFNO      
VRO010,DQHJAJM,DROJACOD=DQHJACOD          
VRO010,DQIDOKM,DROJACOD=DQIJACOD          
VRO010,DQPSKNM,DROSIKCD=DQPSKNCD          
VRO010,DTAOGMF,          
VRO010,DTBSKMF,          
VRO010,DTCKKMF,          
VRP010,VRQ010,DRPJACOD=DRQJACOD AND DRPTENCD=DRQTENCD AND DRPCIFNO=DRQCIFNO AND DRPKAMCD=DRQKAMCD AND DRPKASNO=DRQKASNO  
VRP010,VRR010,DRPJACOD=DRRJACOD AND DRPTENCD=DRRTENCD AND DRPCIFNO=DRRCIFNO AND DRPKAMCD=DRRKAMCD AND DRPKASNO=DRRKASNO  
VRP010,VRS010,DRPJACOD=DRSJACOD AND DRPTENCD=DRSTENCD AND DRPCIFNO=DRSCIFNO AND DRPKAMCD=DRSKAMCD AND DRPKASNO=DRSKASNO  
VRP010,VRT010,DRPJACOD=DRTJACOD AND DRPTENCD=DRTTENCD AND DRPCIFNO=DRTCIFNO AND DRPKAMCD=DRTKAMCD AND DRPKASNO=DRTKASNO  
VRP010,VRU010,DRPJACOD=DRUJACOD AND DRPTENCD=DRUTENCD AND DRPCIFNO=DRUCIFNO AND DRPKAMCD=DRUKAMCD AND DRPKASNO=DRUKASNO  
VRP010,DQHJAJM,DRPJACOD=DQHJACOD          
VRP010,DQIDOKM,DRPJACOD=DQIJACOD          
VRP010,DQJTENM,DRPJACOD=DQJJACOD AND DRPTENCD=DQJTENCD        
VRP010,DQQKMKM,DRPKAMCD=DQQKMKCD          
VRP010,DTAOGMF,          
VRP010,DTBSKMF,          
VRP010,DTCKKMF,          
VRQ010,VRR010,DRQJACOD=DRRJACOD AND DRQTENCD=DRRTENCD AND DRQCIFNO=DRRCIFNO AND DRQKAMCD=DRRKAMCD AND DRQKASNO=DRRKASNO  
VRQ010,VRS010,DRQJACOD=DRSJACOD AND DRQTENCD=DRSTENCD AND DRQCIFNO=DRSCIFNO AND DRQKAMCD=DRSKAMCD AND DRQKASNO=DRSKASNO  
VRQ010,VRT010,DRQJACOD=DRTJACOD AND DRQTENCD=DRTTENCD AND DRQCIFNO=DRTCIFNO AND DRQKAMCD=DRTKAMCD AND DRQKASNO=DRTKASNO  
VRQ010,VRU010,DRQJACOD=DRUJACOD AND DRQTENCD=DRUTENCD AND DRQCIFNO=DRUCIFNO AND DRQKAMCD=DRUKAMCD AND DRQKASNO=DRUKASNO  
VRQ010,DQHJAJM,DRQJACOD=DQHJACOD          
VRQ010,DQIDOKM,DRQJACOD=DQIJACOD          
VRQ010,DQJTENM,DRQJACOD=DQJJACOD AND DRQTENCD=DQJTENCD        
VRQ010,DQQKMKM,DRQKAMCD=DQQKMKCD          
VRQ010,DTAOGMF,          
VRQ010,DTBSKMF,          
VRQ010,DTCKKMF,          
VRR010,VRS010,DRRJACOD=DRSJACOD AND DRRTENCD=DRSTENCD AND DRRCIFNO=DRSCIFNO AND DRRKAMCD=DRSKAMCD AND DRRKASNO=DRSKASNO  
VRR010,VRT010,DRRJACOD=DRTJACOD AND DRRTENCD=DRTTENCD AND DRRCIFNO=DRTCIFNO AND DRRKAMCD=DRTKAMCD AND DRRKASNO=DRTKASNO  
VRR010,VRU010,DRRJACOD=DRUJACOD AND DRRTENCD=DRUTENCD AND DRRCIFNO=DRUCIFNO AND DRRKAMCD=DRUKAMCD AND DRRKASNO=DRUKASNO  
VRR010,DQHJAJM,DRRJACOD=DQHJACOD          
VRR010,DQIDOKM,DRRJACOD=DQIJACOD          
VRR010,DQJTENM,DRRJACOD=DQJJACOD AND DRRTENCD=DQJTENCD        
VRR010,DQQKMKM,DRRKAMCD=DQQKMKCD          
VRR010,DTAOGMF,          
VRR010,DTBSKMF,          
VRR010,DTCKKMF,          
VRS010,VRT010,DRSJACOD=DRTJACOD AND DRSTENCD=DRTTENCD AND DRSCIFNO=DRTCIFNO AND DRSKAMCD=DRTKAMCD AND DRSKASNO=DRTKASNO  
VRS010,VRU010,DRSJACOD=DRUJACOD AND DRSTENCD=DRUTENCD AND DRSCIFNO=DRUCIFNO AND DRSKAMCD=DRUKAMCD AND DRSKASNO=DRUKASNO  
VRS010,DQHJAJM,DRSJACOD=DQHJACOD          
VRS010,DQIDOKM,DRSJACOD=DQIJACOD          
VRS010,DQJTENM,DRSJACOD=DQJJACOD AND DRSTENCD=DQJTENCD        
VRS010,DQQKMKM,DRSKAMCD=DQQKMKCD          
VRS010,DTAOGMF,          
VRS010,DTBSKMF,          
VRS010,DTCKKMF,          
VRT010,VRU010,DRTJACOD=DRUJACOD AND DRTTENCD=DRUTENCD AND DRTCIFNO=DRUCIFNO AND DRTKAMCD=DRUKAMCD AND DRTKASNO=DRUKASNO  
VRT010,DQHJAJM,DRTJACOD=DQHJACOD          
VRT010,DQIDOKM,DRTJACOD=DQIJACOD          
VRT010,DQJTENM,DRTJACOD=DQJJACOD AND DRTTENCD=DQJTENCD        
VRT010,DQQKMKM,DRTKAMCD=DQQKMKCD          
VRT010,DTAOGMF,          
VRT010,DTBSKMF,          
VRT010,DTCKKMF,          
VRU010,DQHJAJM,DRUJACOD=DQHJACOD          
VRU010,DQIDOKM,DRUJACOD=DQIJACOD          
VRU010,DQJTENM,DRUJACOD=DQJJACOD AND DRUTENCD=DQJTENCD        
VRU010,DQQKMKM,DRUKAMCD=DQQKMKCD          
VRU010,DTAOGMF,          
VRU010,DTBSKMF,          
VRU010,DTCKKMF,          
VRV010,VRW010,DRVJACOD=DRWJACOD AND DRVTENCD=DRWTENCD AND DRVCIFNO=DRWCIFNO      
VRV010,DQHJAJM,DRVJACOD=DQHJACOD          
VRV010,DQIDOKM,DRVJACOD=DQIJACOD          
VRV010,DQJTENM,DRVJACOD=DQJJACOD AND DRVTENCD=DQJTENCD        
VRV010,DTAOGMF,          
VRV010,DTBSKMF,          
VRV010,DTCKKMF,          
VRW010,DQHJAJM,DRWJACOD=DQHJACOD          
VRW010,DQIDOKM,DRWJACOD=DQIJACOD          
VRW010,DQJTENM,DRWJACOD=DQJJACOD AND DRWTENCD=DQJTENCD        
VRW010,DQQKMKM,DRWKAMCD=DQQKMKCD          
VRW010,DTAOGMF,          
VRW010,DTBSKMF,          
VRW010,DTCKKMF,          
VSA010,VSB010,DSAJACOD=DSBJACOD AND DSATENCD=DSBTENCD AND DSACIFNO=DSBCIFNO      
VSA010,VSC010,DSAJACOD=DSCJACOD AND DSATENCD=DSCTENCD AND DSACIFNO=DSCSNCIF      
VSA010,DQHJAJM,DSAJACOD=DQHJACOD          
VSA010,DQIDOKM,DSAJACOD=DQIJACOD          
VSA010,DQJTENM,DSAJACOD=DQJJACOD AND DSATENCD=DQJTENCD        
VSA010,DTAOGMF,          
VSA010,DTBSKMF,          
VSA010,DTCKKMF,          
VSB010,DQHJAJM,DSBJACOD=DQHJACOD          
VSB010,DQIDOKM,DSBJACOD=DQIJACOD          
VSB010,DQJTENM,DSBJACOD=DQJJACOD AND DSBTENCD=DQJTENCD        
VSB010,DTAOGMF,          
VSB010,DTBSKMF,          
VSB010,DTCKKMF,          
VSC010,VSD010,DSCJACOD=DSDJACOD AND DSCTENCD=DSDTENCD AND DSCSNCIF=DSDSNCIF      
VSC010,VSE010,DSCJACOD=DSEJACOD AND DSCTENCD=DSETENCD AND DSCSNCIF=DSESNCIF      
VSC010,DQHJAJM,DSCJACOD=DQHJACOD          
VSC010,DQIDOKM,DSCJACOD=DQIJACOD          
VSC010,DQJTENM,DSCJACOD=DQJJACOD AND DSCTENCD=DQJTENCD        
VSC010,DTAOGMF,          
VSC010,DTBSKMF,          
VSC010,DTCKKMF,          
VSD010,VSE010,DSDJACOD=DSEJACOD AND DSDTENCD=DSETENCD AND DSDSNCIF=DSESNCIF      
VSD010,DTAOGMF,          
VSD010,DTBSKMF,          
VSD010,DTCKKMF,          
VSE010,DQHJAJM,DSEJACOD=DQHJACOD          
VSE010,DQIDOKM,DSEJACOD=DQIJACOD          
VSE010,DQJTENM,DSEJACOD=DQJJACOD AND DSETENCD=DQJTENCD        
VSE010,DTAOGMF,          
VSE010,DTBSKMF,          
VSE010,DTCKKMF,          
DQHJAJM,DQIDOKM,DQHJACOD=DQIJACOD          
DQHJAJM,DQJTENM,DQHJACOD=DQJJACOD          
DQHJAJM,DQKTANM,DQHJACOD=DQKJACOD          
DQHJAJM,DQLCHIM,DQHJACOD=DQLJACOD          
DQHJAJM,DQRKIGM,DQHJACOD=DQRJACOD          
DQHJAJM,DQSSKIM,DQHJACOD=DQSJACOD          
DQHJAJM,DQTCIRM,DQHJACOD=DQTJACOD          
DQHJAJM,DQUCTJT,DQHJACOD=DQUJACOD          
DQHJAJM,DQVCTKT,DQHJACOD=DQVJACOD          
DQHJAJM,DTAOGMF,          
DQHJAJM,DTBSKMF,          
DQHJAJM,DTCKKMF,          
DQIDOKM,DQJTENM,DQIJACOD=DQJJACOD          
DQIDOKM,DQKTANM,DQIJACOD=DQKJACOD          
DQIDOKM,DQLCHIM,DQIJACOD=DQLJACOD          
DQIDOKM,DQRKIGM,DQIJACOD=DQRJACOD          
DQIDOKM,DQSSKIM,DQIJACOD=DQSJACOD          
DQIDOKM,DQTCIRM,DQIJACOD=DQTJACOD          
DQIDOKM,DQUCTJT,DQIJACOD=DQUJACOD          
DQIDOKM,DQVCTKT,DQIJACOD=DQVJACOD          
DQIDOKM,DTAOGMF,          
DQIDOKM,DTBSKMF,          
DQIDOKM,DTCKKMF,          
DQJTENM,DQKTANM,DQJJACOD=DQKJACOD AND DQJTENCD=DQKTENCD        
DQJTENM,DTAOGMF,          
DQJTENM,DTBSKMF,          
DQJTENM,DTCKKMF,          
DQKTANM,DQLCHIM,DQKJACOD=DQLJACOD AND DQKTENCD=DQLTANKB        
DQKTANM,DQSSKIM,DQKJACOD=DQSJACOD AND DQKTENCD=DQSTANCD        
DQKTANM,DTAOGMF,          
DQKTANM,DTBSKMF,          
DQKTANM,DTCKKMF,          
DQLCHIM,DQUCTJT,DQLJACOD=DQUJACOD AND DQLTANKB=DQUCHICD        
DQLCHIM,DTAOGMF,          
DQLCHIM,DTBSKMF,          
DQLCHIM,DTCKKMF,          
DQMJYUM,DQRKIGM,DQMADDCD=DQRADDNO          
DQMJYUM,DQUCTJT,DQMADDCD=DQUADDCD          
DQMJYUM,DTAOGMF,          
DQMJYUM,DTBSKMF,          
DQMJYUM,DTCKKMF,          
DQNJINM,DTAOGMF,          
DQNJINM,DTBSKMF,          
DQNJINM,DTCKKMF,          
DQOGYOM,DTAOGMF,          
DQOGYOM,DTBSKMF,          
DQOGYOM,DTCKKMF,          
DQPSKNM,DTAOGMF,          
DQPSKNM,DTBSKMF,          
DQPSKNM,DTCKKMF,          
DQQKMKM,DTAOGMF,          
DQQKMKM,DTBSKMF,          
DQQKMKM,DTCKKMF,          
DQRKIGM,DQUCTJT,DQRJACOD=DQUJACOD AND DQRADDNO=DQUADDCD AND DQRSADNO=DQUADSCD      
DQRKIGM,DTAOGMF,          
DQRKIGM,DTBSKMF,          
DQRKIGM,DTCKKMF,          
DQSSKIM,DTAOGMF,          
DQSSKIM,DTBSKMF,          
DQSSKIM,DTCKKMF,          
DQTCIRM,DQVCTKT,DQTJACOD=DQVJACOD AND DQTCIRCD=DQVCIRCD        
DQTCIRM,DTAOGMF,          
DQTCIRM,DTBSKMF,          
DQTCIRM,DTCKKMF,          
DQUCTJT,DTAOGMF,          
DQUCTJT,DTBSKMF,          
DQUCTJT,DTCKKMF,          
DQVCTKT,DTAOGMF,          
DQVCTKT,DTBSKMF,          
DQVCTKT,DTCKKMF,          
DTAOGMF,DTBSKMF,          
DTAOGMF,DTCKKMF,          
DTBSKMF,DTCKKMF,          
