"DQAKKJM","DQBJCDM","DQAJACOD=DQBJACOD AND DQACIFNO=DQBCIFNO"
"DQAKKJM","DQCEINM","DQAJACOD=DQCJACOD AND DQACIFNO=DQCCIFNO"
"DQAKKJM","DQDNOUM","DQAJACOD=DQDJACOD AND DQACIFNO=DQDCIFNO"
"DQAKKJM","DQESYUM","DQAJACOD=DQEJACOD AND DQACIFNO=DQECIFNO"
"DQAKKJM","DQFTAKM","DQAJACOD=DQFJACOD AND DQACIFNO=DQFCIFNO"
"DQAKKJM","DQGDOKM","DQAJACOD=DQGJACOD AND DQACIFNO=DQGCIFNO"
"DQAKKJM","DSAKBKF","DQAJACOD=DSAJACOD AND DQACIFNO=DSACIFNO"
"DQAKKJM","DSBKBSF","DQAJACOD=DSBJACOD AND DQACIFNO=DSBCIFNO"
"DQAKKJM","DSCKYKF","DQAJACOD=DSCJACOD AND DQASETNO=DSCSNCIF"
"DQAKKJM","DSDKYCF","DQAJACOD=DSDJACOD AND DQASETNO=DSDSNCIF"
"DQAKKJM","DSEKYTF","DQAJACOD=DSEJACOD AND DQASETNO=DSESNCIF"
"DQAKKJM","DRASKJF","DQAJACOD=DRAJACOD AND DQACIFNO=DRACIFNO"
"DQAKKJM","DRBSUMF","DQAJACOD=DRBJACOD AND DQACIFNO=DRBCIFNO"
"DQAKKJM","DRCRDKF","DQAJACOD=DRCJACOD AND DQACIFNO=DRCCIFNO"
"DQAKKJM","DRDRDSF","DQAJACOD=DRDJACOD AND DQACIFNO=DRDCIFNO"
"DQAKKJM","DRERDRF","DQAJACOD=DREJACOD AND DQACIFNO=DRECIFNO"
"DQAKKJM","DRFTGKF","DQAJACOD=DRFJACOD AND DQACIFNO=DRFCIFNO"
"DQAKKJM","DRGTGSF","DQAJACOD=DRGJACOD AND DQACIFNO=DRGCIFNO"
"DQAKKJM","DRHTEKF","DQAJACOD=DRHJACOD AND DQACIFNO=DRHCIFNO"
"DQAKKJM","DRITKKF","DQAJACOD=DRIJACOD AND DQACIFNO=DRICIFNO"
"DQAKKJM","DRJTKSF","DQAJACOD=DRJJACOD AND DQACIFNO=DRJCIFNO"
"DQAKKJM","DRKTUKF","DQAJACOD=DRKJACOD AND DQACIFNO=DRKCIFNO"
"DQAKKJM","DRLTUSF","DQAJACOD=DRLJACOD AND DQACIFNO=DRLCIFNO"
"DQAKKJM","DRMTZKF","DQAJACOD=DRMJACOD AND DQACIFNO=DRMCIFNO"
"DQAKKJM","DRNTZSF","DQAJACOD=DRNJACOD AND DQACIFNO=DRNCIFNO"
"DQAKKJM","DROKSKF","DQAJACOD=DROJACOD AND DQACIFNO=DROCIFNO"
"DQAKKJM","DRPKSSF","DQAJACOD=DRPJACOD AND DQACIFNO=DRPCIFNO"
"DQAKKJM","DRQKSYF","DQAJACOD=DRQJACOD AND DQACIFNO=DRQCIFNO"
"DQAKKJM","DRRKSRF","DQAJACOD=DRRJACOD AND DQACIFNO=DRRCIFNO"
"DQAKKJM","DRSKSJF","DQAJACOD=DRSJACOD AND DQACIFNO=DRSCIFNO"
"DQAKKJM","DRTKSHF","DQAJACOD=DRTJACOD AND DQACIFNO=DRTCIFNO"
"DQAKKJM","DRUKSQF","DQAJACOD=DRUJACOD AND DQACIFNO=DRUCIFNO"
"DQAKKJM","DRVKOKF","DQAJACOD=DRVJACOD AND DQACIFNO=DRVCIFNO"
"DQAKKJM","DRWJIFF","DQAJACOD=DRWJACOD AND DQACIFNO=DRWCIFNO"
"DSAKBKF","DSBKBSF","DSAJACOD=DSCJACOD AND DSACIFNO=DSBCIFNO AND DSATENCD=DSBTENCD"
"DSCKYKF","DSDKYCF","DSCJACOD=DSDJACOD AND DSCTENCD=DSDTENCD AND DSCSNCIF=DSDSNCIF"
"DSCKYKF","DSEKYTF","DSCJACOD=DSEJACOD AND DSCTENCD=DSETENCD AND DSCSNCIF=DSESNCIF"
"DRASKJF","DRBSUMF","DRAJACOD=DRBJACOD AND DRATENCD=DRBTENCD AND DRACIFNO=DRBCIFNO"
"DRASKJF","DRVKOKF","DRAJACOD=DRVJACOD AND DRATENCD=DRVTENCD AND DRACIFNO=DRVCIFNO"
"DRASKJF","DRWJIFF","DRAJACOD=DRWJACOD AND DRATENCD=DRWTENCD AND DRACIFNO=DRWCIFNO"
"DRASKJF","DRCRDKF","DRAJACOD=DRCJACOD AND DRATENCD=DRCTENCD AND DRACIFNO=DRCCIFNO"
"DRASKJF","DRHTEKF","DRAJACOD=DRHJACOD AND DRATENCD=DRHTENCD AND DRACIFNO=DRHCIFNO"
"DRASKJF","DROKSKF","DRAJACOD=DROJACOD AND DRATENCD=DROTENCD AND DRACIFNO=DROCIFNO"
"DRCRDKF","DRDRDSF","DRCJACOD=DRDJACOD AND DRCTENCD=DRDTENCD AND DRCCIFNO=DRDCIFNO AND DRCKAMCD=DRDKAMCD AND DRCKOZNO=DRDKOZNO"
"DRCRDKF","DRERDRF","DRCJACOD=DREJACOD AND DRCTENCD=DRETENCD AND DRCCIFNO=DRECIFNO AND DRCKAMCD=DREKAMCD AND DRCKOZNO=DREKOZNO"
"DRCRDKF","DRFTGKF","DRCJACOD=DRFJACOD AND DRCTENCD=DRFTENCD AND DRCCIFNO=DRFCIFNO AND DRCKAMCD=DRFKAMCD AND DRCKOZNO=DRFKOZNO"
"DRCRDKF","DRGTGSF","DRCJACOD=DRGJACOD AND DRCTENCD=DRGTENCD AND DRCCIFNO=DRGCIFNO AND DRCKAMCD=DRGKAMCD AND DRCKOZNO=DRGKOZNO"
"DRFTGKF","DRGTGSF","DRFJACOD=DRGJACOD AND DRFTENCD=DRGTENCD AND DRFCIFNO=DRGCIFNO AND DRFKAMCD=DRGKAMCD AND DRFKOZNO=DRGKOZNO AND DRFKASSY=DRGKASSY"
"DRHTEKF","DRITKKF","DRHJACOD=DRIJACOD AND DRHTENCD=DRITENCD AND DRHCIFNO=DRICIFNO AND DRHKAMCD=DRIKAMCD AND DRHKOZNO=DRIKOZNO AND DRHAZUNO=DRIAZUNO"
"DRHTEKF","DRJTKSF","DRHJACOD=DRJJACOD AND DRHTENCD=DRJTENCD AND DRHCIFNO=DRJCIFNO AND DRHKAMCD=DRJKAMCD AND DRHKOZNO=DRJKOZNO AND DRHAZUNO=DRJAZUNO"
"DRHTEKF","DRKTUKF","DRHJACOD=DRKJACOD AND DRHTENCD=DRKTENCD AND DRHCIFNO=DRKCIFNO AND DRHKAMCD=DRKKAMCD AND DRHKOZNO=DRKKOZNO AND DRHAZUNO=DRKAZUNO"
"DRHTEKF","DRLTUSF","DRHJACOD=DRLJACOD AND DRHTENCD=DRLTENCD AND DRHCIFNO=DRLCIFNO AND DRHKAMCD=DRLKAMCD AND DRHKOZNO=DRLKOZNO AND DRHAZUNO=DRLAZUNO"
"DRHTEKF","DRMTZKF","DRHJACOD=DRMJACOD AND DRHTENCD=DRMTENCD AND DRHCIFNO=DRMCIFNO AND DRHKAMCD=DRMKAMCD AND DRHKOZNO=DRMKOZNO AND DRHAZUNO=DRMAZUNO"
"DRHTEKF","DRNTZSF","DRHJACOD=DRNJACOD AND DRHTENCD=DRNTENCD AND DRHCIFNO=DRNCIFNO AND DRHKAMCD=DRNKAMCD AND DRHKOZNO=DRNKOZNO AND DRHAZUNO=DRNAZUNO"
"DRITKKF","DRJTKSF","DRIJACOD=DRJJACOD AND DRITENCD=DRJTENCD AND DRICIFNO=DRJCIFNO AND DRIKAMCD=DRJKAMCD AND DRIKOZNO=DRJKOZNO AND DRIAZUNO=DRJAZUNO"
"DRKTUKF","DRLTUSF","DRKJACOD=DRLJACOD AND DRKTENCD=DRLTENCD AND DRKCIFNO=DRLCIFNO AND DRKKAMCD=DRLKAMCD AND DRKKOZNO=DRLKOZNO AND DRKAZUNO=DRLAZUNO"
"DRMTZKF","DRNTZSF","DRMJACOD=DRNJACOD AND DRMTENCD=DRNTENCD AND DRMCIFNO=DRNCIFNO AND DRMKAMCD=DRNKAMCD AND DRMKOZNO=DRNKOZNO AND DRMAZUNO=DRNAZUNO"
"DROKSKF","DRPKSSF","DROJACOD=DRPJACOD AND DROTENCD=DRPTENCD AND DROCIFNO=DRPCIFNO AND DROKAMCD=DRPKAMCD AND DROKASNO=DRPKASNO"
"DROKSKF","DRQKSYF","DROJACOD=DRQJACOD AND DROTENCD=DRQTENCD AND DROCIFNO=DRQCIFNO AND DROKAMCD=DRQKAMCD AND DROKASNO=DRQKASNO"
"DROKSKF","DRRKSRF","DROJACOD=DRRJACOD AND DROTENCD=DRRTENCD AND DROCIFNO=DRRCIFNO AND DROKAMCD=DRRKAMCD AND DROKASNO=DRRKASNO"
"DROKSKF","DRSKSJF","DROJACOD=DRSJACOD AND DROTENCD=DRSTENCD AND DROCIFNO=DRSCIFNO AND DROKAMCD=DRSKAMCD AND DROKASNO=DRSKASNO"
"DROKSKF","DRTKSHF","DROJACOD=DRTJACOD AND DROTENCD=DRTTENCD AND DROCIFNO=DRTCIFNO AND DROKAMCD=DRTKAMCD AND DROKASNO=DRTKASNO"
"DROKSKF","DRUKSQF","DROJACOD=DRUJACOD AND DROTENCD=DRUTENCD AND DROCIFNO=DRUCIFNO AND DROKAMCD=DRUKAMCD AND DROKASNO=DRUKASNO"
