"CGJ010    ","       ",0,,,"JavaScript:G01FraResize(150);parent.MainDisp.location.href='/icckj/md_000.html'                     "
"LOGIN     ","       ",0,,,"JavaScript:parent.location.href='/icckj/AppLogoff.html';                                            "
"CGB110    ","       ",0,,,"JavaScript:G01FraResize(400);parent.SubDisp.location.href='/icckj/sd_000.html'                      "
"CGB120    ","       ",0,,,"JavaScript:G01FraResize(400);parent.SubDisp.location.href='/icckj/sd_000.html'                      "
"CGB130    ","       ",0,,,"JavaScript:G01FraResize(400);parent.SubDisp.location.href='/icckj/sd_000.html'                      "
"CGB140    ","       ",0,,,"JavaScript:G01FraResize(400);parent.SubDisp.location.href='/icckj/sd_000.html'                      "
"CGB150    ","       ",0,,,"JavaScript:G01FraResize(400);parent.SubDisp.location.href='/icckj/sd_000.html'                      "
"CGB160    ","       ",0,,,"JavaScript:G01FraResize(400);parent.SubDisp.location.href='/icckj/sd_000.html'                      "
"CGB170    ","       ",0,,,"JavaScript:G01FraResize(400);parent.SubDisp.location.href='/icckj/sd_000.html'                      "
"ADDRE     ","       ",0,,,"/icckj/nwAddress.html                                                                               "
"CKL010    ","       ",0,,,"/icckj/mdCKJ010.html                                                                                "
"CGL010    ","       ",0,,,"JavaScript:G01FraResize(150);parent.MainDisp.location.href='/icckj/md_000.html'                     "
"CGJ020    ","       ",0,,,"JavaScript:G01FraResize(150);parent.MainDisp.location.href='/icckj/md_000.html'                     "
"CGL020    ","       ",0,,,"JavaScript:G01FraResize(150);parent.MainDisp.location.href='/icckj/md_000.html'                     "
"CGJ030    ","       ",0,,,"JavaScript:G01FraResize(150);parent.MainDisp.location.href='/icckj/md_000.html'                     "
"CGL030    ","       ",0,,,"JavaScript:G01FraResize(150);parent.MainDisp.location.href='/icckj/md_000.html'                     "
"CGJ040    ","       ",0,,,"JavaScript:G01FraResize(150);parent.MainDisp.location.href='/icckj/md_000.html'                     "
"CGL040    ","       ",0,,,"JavaScript:G01FraResize(150);parent.MainDisp.location.href='/icckj/md_000.html'                     "
"CGJ050    ","       ",0,,,"JavaScript:G01FraResize(150);parent.MainDisp.location.href='/icckj/md_000.html'                     "
"CGL050    ","       ",0,,,"JavaScript:G01FraResize(150);parent.MainDisp.location.href='/icckj/md_000.html'                     "
"CGB510    ","       ",0,,,"JavaScript:G01FraResize(1);parent.SubDisp.location.href='/icckj/sd_000.html'                        "
"CMC010U   ","       ",0,"                                                                                                    ",0,"JavaScript:parent.SubDisp.location.href='/icckj/sdCE.jsp?DspID=CMC010'                              "
"CMC020U   ","       ",0,"                                                                                                    ",0,"JavaScript:parent.SubDisp.location.href='/icckj/sdCE.jsp?DspID=CMC020'                              "
"CMC021U   ","       ",0,"                                                                                                    ",0,"JavaScript:parent.SubDisp.location.href='/icckj/sdCE.jsp?DspID=CMC020'                              "
"CMC022U   ","       ",0,"                                                                                                    ",0,"JavaScript:parent.SubDisp.location.href='/icckj/sdCE.jsp?DspID=CMC020'                              "
"CMC022U   ","20002  ",0,"                                                                                                    ",0,"JavaScript:parent.SubDisp.location.href='/icckj/sdCE2.jsp?DspID=CMC020'                             "
"CMC020U   ","20002  ",0,"                                                                                                    ",0,"JavaScript:parent.SubDisp.location.href='/icckj/sdCE2.jsp?DspID=CMC020'                             "
"CMC021U   ","20002  ",0,"                                                                                                    ",0,"JavaScript:parent.SubDisp.location.href='/icckj/sdCE2.jsp?DspID=CMC020'                             "
"CMC010U   ","20002  ",0,"                                                                                                    ",0,"JavaScript:parent.SubDisp.location.href='/icckj/sdCE2.jsp?DspID=CMC010'                             "
"CMA010U   ","       ",0,"                                                                                                    ",0,"JavaScript:parent.SubDisp.location.href='/icckj/sdCE.jsp?DspID=CMA010'                              "
"CMA010U   ","20002  ",0,"                                                                                                    ",0,"JavaScript:parent.SubDisp.location.href='/icckj/sdCE2.jsp?DspID=CMA010'                             "
"CMA020U   ","       ",0,"                                                                                                    ",0,"JavaScript:parent.SubDisp.location.href='/icckj/sdCE.jsp?DspID=CMA020'                              "
"CMA030U   ","       ",0,"                                                                                                    ",0,"JavaScript:parent.SubDisp.location.href='/icckj/sdCE.jsp?DspID=CMA030'                              "
"CMA040U   ","       ",0,"                                                                                                    ",0,"JavaScript:parent.SubDisp.location.href='/icckj/sdCE.jsp?DspID=CMA040'                              "
"CMA055U   ","       ",0,"                                                                                                    ",0,"JavaScript:parent.SubDisp.location.href='/icckj/sdCE.jsp?DspID=CMA055'                              "
"CMA060U   ","       ",0,"                                                                                                    ",0,"JavaScript:parent.SubDisp.location.href='/icckj/sdCE.jsp?DspID=CMA060'                              "
"CMA070U   ","       ",0,"                                                                                                    ",0,"JavaScript:parent.SubDisp.location.href='/icckj/sdCE.jsp?DspID=CMA070'                              "
"CMA080U   ","       ",0,"                                                                                                    ",0,"JavaScript:parent.SubDisp.location.href='/icckj/sdCE.jsp?DspID=CMA080'                              "
"CMA090U   ","       ",0,"                                                                                                    ",0,"JavaScript:parent.SubDisp.location.href='/icckj/sdCE2.jsp?DspID=CMA090'                             "
"CMA020U   ","20002  ",0,"                                                                                                    ",0,"JavaScript:parent.SubDisp.location.href='/icckj/sdCE2.jsp?DspID=CMA020'                             "
"CMA030U   ","20002  ",0,"                                                                                                    ",0,"JavaScript:parent.SubDisp.location.href='/icckj/sdCE2.jsp?DspID=CMA030'                             "
"CMA040U   ","20002  ",0,"                                                                                                    ",0,"JavaScript:parent.SubDisp.location.href='/icckj/sdCE2.jsp?DspID=CMA040'                             "
"CMC031U   ","       ",0,"                                                                                                    ",0,"JavaScript:parent.SubDisp.location.href='/icckj/sdCE.jsp?DspID=CMC031'                              "
"CMA055U   ","20002  ",0,"                                                                                                    ",0,"JavaScript:parent.SubDisp.location.href='/icckj/sdCE2.jsp?DspID=CMA050'                             "
"CMA060U   ","20002  ",0,"                                                                                                    ",0,"JavaScript:parent.SubDisp.location.href='/icckj/sdCE2.jsp?DspID=CMA060'                             "
"CMA070U   ","20002  ",0,"                                                                                                    ",0,"JavaScript:parent.SubDisp.location.href='/icckj/sdCE2.jsp?DspID=CMA070'                             "
"CMA080U   ","20002  ",0,"                                                                                                    ",0,"JavaScript:parent.SubDisp.location.href='/icckj/sdCE2.jsp?DspID=CMA080'                             "
"CMA090U   ","20002  ",0,"                                                                                                    ",0,"JavaScript:parent.SubDisp.location.href='/icckj/sdCE2.jsp?DspID=CMA090'                             "
"CMA055    ","       ",0,"                                                                                                    ",0,"JavaScript:parent.MainDisp.location.href='/icckj/mdCE2.jsp?DspID=CMA050'                            "
"CMC034U   ","       ",0,"                                                                                                    ",0,"JavaScript:parent.SubDisp.location.href='/icckj/sdCE.jsp?DspID=CMC034'                              "
"CMC034    ","       ",0,"                                                                                                    ",0,"JavaScript:parent.MainDisp.location.href='/icckj/mdCMC033E.html'                                    "
"CMC035U   ","       ",0,"                                                                                                    ",0,"JavaScript:parent.MainDisp.location.href='/icckj/mdCMC033E.html'                                    "
"CMC037U   ","       ",0,"                                                                                                    ",0,"JavaScript:parent.MainDisp.location.href='/icckj/mdCMC033E.html'                                    "
"CMC038U   ","       ",0,"                                                                                                    ",0,"JavaScript:parent.MainDisp.location.href='/icckj/mdCMC033E.html'                                    "
"CMA110U   ","       ",0,"                                                                                                    ",0,"JavaScript:G01FraChg('cmCMA110.html','sm_000.html','mdCMA110.html','hd_000.html')                   "
"CKK020U   ","       ",0,"                                                                                                    ",0,"JavaScript:parent.MainDisp.location.href='/icckj/mdCE3.jsp?DspID=CKK020'                            "
"CKK030U   ","       ",0,"                                                                                                    ",0,"JavaScript:parent.MainDisp.location.href='/icckj/mdCE3.jsp?DspID=CKK030'                            "
"CKK050U   ","       ",0,"                                                                                                    ",0,"JavaScript:parent.MainDisp.location.href='/icckj/mdCE3.jsp?DspID=CKK050'                            "
"CKK060U   ","       ",0,"                                                                                                    ",0,"JavaScript:parent.MainDisp.location.href='/icckj/mdCE3.jsp?DspID=CKK060'                            "
"CKK070U   ","       ",0,"                                                                                                    ",0,"JavaScript:parent.MainDisp.location.href='/icckj/mdCE3.jsp?DspID=CKK070'                            "
"CKS010U   ","       ",0,"                                                                                                    ",0,"JavaScript:parent.MainDisp.location.href='/icckj/mdCE3.jsp?DspID=CKS010'                            "
"CKB010U   ","       ",0,"                                                                                                    ",0,"JavaScript:parent.MainDisp.location.href='/icckj/mdCE3.jsp?DspID=CKB010'                            "
