VQA010,DQBJCDM,DQAJACOD=DQBJACOD AND DQACIFNO=DQBCIFNO
VQA010,DQCEINM,DQAJACOD=DQCJACOD AND DQACIFNO=DQCCIFNO
VQA010,DQDNOUM,DQAJACOD=DQDJACOD AND DQACIFNO=DQDCIFNO
VQA010,DQESYUM,DQAJACOD=DQEJACOD AND DQACIFNO=DQECIFNO
VQA010,DQFTAKM,DQAJACOD=DQFJACOD AND DQACIFNO=DQFCIFNO
VQA010,DQGDOKM,DQAJACOD=DQGJACOD AND DQACIFNO=DQGCIFNO
VQA010,VSA010,DQAJACOD=DSAJACOD AND DQACIFNO=DSACIFNO
VQA010,VSB010,DQAJACOD=DSBJACOD AND DQACIFNO=DSBCIFNO
VQA010,VSC010,DQAJACOD=DSCJACOD AND DQASETNO=DSCSNCIF
VQA010,VSD010,DQAJACOD=DSDJACOD AND DQASETNO=DSDSNCIF
VQA010,VSE010,DQAJACOD=DSEJACOD AND DQASETNO=DSESNCIF
VQA010,VRA010,DQAJACOD=DRAJACOD AND DQACIFNO=DRACIFNO
VQA010,VRB010,DQAJACOD=DRBJACOD AND DQACIFNO=DRBCIFNO
VQA010,VRC010,DQAJACOD=DRCJACOD AND DQACIFNO=DRCCIFNO
VQA010,VRD010,DQAJACOD=DRDJACOD AND DQACIFNO=DRDCIFNO
VQA010,VRE010,DQAJACOD=DREJACOD AND DQACIFNO=DRECIFNO
VQA010,VRF010,DQAJACOD=DRFJACOD AND DQACIFNO=DRFCIFNO
VQA010,DRGTGSF,DQAJACOD=DRGJACOD AND DQACIFNO=DRGCIFNO
VQA010,VRH010,DQAJACOD=DRHJACOD AND DQACIFNO=DRHCIFNO
VQA010,DRITKKF,DQAJACOD=DRIJACOD AND DQACIFNO=DRICIFNO
VQA010,VRJ010,DQAJACOD=DRJJACOD AND DQACIFNO=DRJCIFNO
VQA010,DRKTUKF,DQAJACOD=DRKJACOD AND DQACIFNO=DRKCIFNO
VQA010,VRL010,DQAJACOD=DRLJACOD AND DQACIFNO=DRLCIFNO
VQA010,DRMTZKF,DQAJACOD=DRMJACOD AND DQACIFNO=DRMCIFNO
VQA010,VRN010,DQAJACOD=DRNJACOD AND DQACIFNO=DRNCIFNO
VQA010,VRO010,DQAJACOD=DROJACOD AND DQACIFNO=DROCIFNO
VQA010,VRP010,DQAJACOD=DRPJACOD AND DQACIFNO=DRPCIFNO
VQA010,VRQ010,DQAJACOD=DRQJACOD AND DQACIFNO=DRQCIFNO
VQA010,VRR010,DQAJACOD=DRRJACOD AND DQACIFNO=DRRCIFNO
VQA010,VRS010,DQAJACOD=DRSJACOD AND DQACIFNO=DRSCIFNO
VQA010,VRT010,DQAJACOD=DRTJACOD AND DQACIFNO=DRTCIFNO
VQA010,VRU010,DQAJACOD=DRUJACOD AND DQACIFNO=DRUCIFNO
VQA010,VRV010,DQAJACOD=DRVJACOD AND DQACIFNO=DRVCIFNO
VQA010,VRW010,DQAJACOD=DRWJACOD AND DQACIFNO=DRWCIFNO
VSA010,VSB010,DSAJACOD=DSCJACOD AND DSACIFNO=DSBCIFNO AND DSATENCD=DSBTENCD
VSC010,VSD010,DSCJACOD=DSDJACOD AND DSCTENCD=DSDTENCD AND DSCSNCIF=DSDSNCIF
VSC010,VSE010,DSCJACOD=DSEJACOD AND DSCTENCD=DSETENCD AND DSCSNCIF=DSESNCIF
VRA010,VRB010,DRAJACOD=DRBJACOD AND DRATENCD=DRBTENCD AND DRACIFNO=DRBCIFNO
VRA010,VRV010,DRAJACOD=DRVJACOD AND DRATENCD=DRVTENCD AND DRACIFNO=DRVCIFNO
VRA010,VRW010,DRAJACOD=DRWJACOD AND DRATENCD=DRWTENCD AND DRACIFNO=DRWCIFNO
VRA010,VRC010,DRAJACOD=DRCJACOD AND DRATENCD=DRCTENCD AND DRACIFNO=DRCCIFNO
VRA010,VRH010,DRAJACOD=DRHJACOD AND DRATENCD=DRHTENCD AND DRACIFNO=DRHCIFNO
VRA010,VRO010,DRAJACOD=DROJACOD AND DRATENCD=DROTENCD AND DRACIFNO=DROCIFNO
VRC010,VRD010,DRCJACOD=DRDJACOD AND DRCTENCD=DRDTENCD AND DRCCIFNO=DRDCIFNO AND DRCKAMCD=DRDKAMCD AND DRCKOZNO=DRDKOZNO
VRC010,VRE010,DRCJACOD=DREJACOD AND DRCTENCD=DRETENCD AND DRCCIFNO=DRECIFNO AND DRCKAMCD=DREKAMCD AND DRCKOZNO=DREKOZNO
VRC010,VRF010,DRCJACOD=DRFJACOD AND DRCTENCD=DRFTENCD AND DRCCIFNO=DRFCIFNO AND DRCKAMCD=DRFKAMCD AND DRCKOZNO=DRFKOZNO
VRC010,DRGTGSF,DRCJACOD=DRGJACOD AND DRCTENCD=DRGTENCD AND DRCCIFNO=DRGCIFNO AND DRCKAMCD=DRGKAMCD AND DRCKOZNO=DRGKOZNO
VRF010,DRGTGSF,DRFJACOD=DRGJACOD AND DRFTENCD=DRGTENCD AND DRFCIFNO=DRGCIFNO AND DRFKAMCD=DRGKAMCD AND DRFKOZNO=DRGKOZNO AND DRFKASSY=DRGKASSY
VRH010,DRITKKF,DRHJACOD=DRIJACOD AND DRHTENCD=DRITENCD AND DRHCIFNO=DRICIFNO AND DRHKAMCD=DRIKAMCD AND DRHKOZNO=DRIKOZNO AND DRHAZUNO=DRIAZUNO
VRH010,VRJ010,DRHJACOD=DRJJACOD AND DRHTENCD=DRJTENCD AND DRHCIFNO=DRJCIFNO AND DRHKAMCD=DRJKAMCD AND DRHKOZNO=DRJKOZNO AND DRHAZUNO=DRJAZUNO
VRH010,DRKTUKF,DRHJACOD=DRKJACOD AND DRHTENCD=DRKTENCD AND DRHCIFNO=DRKCIFNO AND DRHKAMCD=DRKKAMCD AND DRHKOZNO=DRKKOZNO AND DRHAZUNO=DRKAZUNO
VRH010,VRL010,DRHJACOD=DRLJACOD AND DRHTENCD=DRLTENCD AND DRHCIFNO=DRLCIFNO AND DRHKAMCD=DRLKAMCD AND DRHKOZNO=DRLKOZNO AND DRHAZUNO=DRLAZUNO
VRH010,DRMTZKF,DRHJACOD=DRMJACOD AND DRHTENCD=DRMTENCD AND DRHCIFNO=DRMCIFNO AND DRHKAMCD=DRMKAMCD AND DRHKOZNO=DRMKOZNO AND DRHAZUNO=DRMAZUNO
VRH010,VRN010,DRHJACOD=DRNJACOD AND DRHTENCD=DRNTENCD AND DRHCIFNO=DRNCIFNO AND DRHKAMCD=DRNKAMCD AND DRHKOZNO=DRNKOZNO AND DRHAZUNO=DRNAZUNO
DRITKKF,VRJ010,DRIJACOD=DRJJACOD AND DRITENCD=DRJTENCD AND DRICIFNO=DRJCIFNO AND DRIKAMCD=DRJKAMCD AND DRIKOZNO=DRJKOZNO AND DRIAZUNO=DRJAZUNO
DRKTUKF,VRL010,DRKJACOD=DRLJACOD AND DRKTENCD=DRLTENCD AND DRKCIFNO=DRLCIFNO AND DRKKAMCD=DRLKAMCD AND DRKKOZNO=DRLKOZNO AND DRKAZUNO=DRLAZUNO
DRMTZKF,VRN010,DRMJACOD=DRNJACOD AND DRMTENCD=DRNTENCD AND DRMCIFNO=DRNCIFNO AND DRMKAMCD=DRNKAMCD AND DRMKOZNO=DRNKOZNO AND DRMAZUNO=DRNAZUNO
VRO010,VRP010,DROJACOD=DRPJACOD AND DROTENCD=DRPTENCD AND DROCIFNO=DRPCIFNO AND DROKAMCD=DRPKAMCD AND DROKASNO=DRPKASNO
VRO010,VRQ010,DROJACOD=DRQJACOD AND DROTENCD=DRQTENCD AND DROCIFNO=DRQCIFNO AND DROKAMCD=DRQKAMCD AND DROKASNO=DRQKASNO
VRO010,VRR010,DROJACOD=DRRJACOD AND DROTENCD=DRRTENCD AND DROCIFNO=DRRCIFNO AND DROKAMCD=DRRKAMCD AND DROKASNO=DRRKASNO
VRO010,VRS010,DROJACOD=DRSJACOD AND DROTENCD=DRSTENCD AND DROCIFNO=DRSCIFNO AND DROKAMCD=DRSKAMCD AND DROKASNO=DRSKASNO
VRO010,VRT010,DROJACOD=DRTJACOD AND DROTENCD=DRTTENCD AND DROCIFNO=DRTCIFNO AND DROKAMCD=DRTKAMCD AND DROKASNO=DRTKASNO
VRO010,VRU010,DROJACOD=DRUJACOD AND DROTENCD=DRUTENCD AND DROCIFNO=DRUCIFNO AND DROKAMCD=DRUKAMCD AND DROKASNO=DRUKASNO
