<?xml version="1.0" encoding="UTF-8" ?>
<!DOCTYPE log4j:configuration SYSTEM "log4j.dtd">
<log4j:configuration>

  <appender name="stdout" class="org.apache.log4j.ConsoleAppender">
    <layout class="org.apache.log4j.PatternLayout">
      <param name="ConversionPattern" value="%d %-5p (%F:%L - %M) - %m%n" />
    </layout>
  </appender>

  <category name="sample">
    <priority value="trace"/>
  </category>

  <root>
    <priority value="warn" />
    <appender-ref ref="stdout" />
  </root>

</log4j:configuration>
