<?xml version="1.0" encoding="UTF-8"?>
<configuration status="OFF">

    <Properties>
    	<!-- %M:メソッド名称、%l:ソース行数 -->
    	<!--
        <Property name="format1">%d{yyyy/MM/dd HH:mm:ss.SSS} [%M %l] %-6p %c{10} %m%n</Property>
        <Property name="format1">%d{yyyy/MM/dd HH:mm:ss.SSS} %-6p  %c{10} %m%n</Property>
        -->
        <Property name="format1">%d{yyyy/MM/dd HH:mm:ss.SSS} %-6p  %m%n</Property>

        <Property name="logfile">X:/logs/testlog.log</Property>
        <Property name="logfile-archive">/logs/testlog_%d{yyyy-MM-dd}-%i.log</Property>
    </Properties>

	<appenders>
		<Console name="Console" target="SYSTEM_OUT">
			<PatternLayout pattern="%d{HH:mm:ss} [%t] %-5level %logger{36} - %msg%n"/>
		</Console>

<!--
		<File name="fileAppender" fileName="C:/logs/fjTraceLog">
		<PatternLayout>
			// ファイル出力時のフォーマットを設定
			<pattern>${format1}</pattern>
		</PatternLayout>
	    </File>
		 <RollingFile name="sizeRotation" fileName=":/logs/fjTrace.log" filePattern="C:/logs/fjTraceLog-%d{yyyy-MM-dd}-%i.zip">
	    -->

		 <RollingFile name="sizeRotation" fileName="tomcatlogs/fjTrace.log" filePattern="tomcatlogs/fjTraceLog-%d{yyyy-MM-dd}-%i.zip">
    		    <PatternLayout pattern="${format1}"/>
        		<Policies>
            		<SizeBasedTriggeringPolicy size="20MB" />
            		<!--
            		<SizeBasedTriggeringPolicy size="2KB" />
            		<OnStartupTriggeringPolicy />
            		<TimeBasedTriggeringPolicy />
            		-->
        		</Policies>
        		<DefaultRolloverStrategy max="10"/>
    	</RollingFile>



	</appenders>





	<loggers>
		<!-- tracw:全部出力 -->
		<root level="trace"  additivity="false">
		<appender-ref ref="Console"/>
		<!--
		<appender-ref ref="fileAppender"/>
		-->
    <appender-ref ref="sizeRotation" />
		</root>
	</loggers>
</configuration>



<!-- *********************************************************************************
<?xml version="1.0" encoding="UTF-8"?>
<!DOCTYPE project>
<Configuration status="off">

    <Properties>
        <Property name="format1">%d{yyyy/MM/dd HH:mm:ss.SSS} [%t] %-6p %c{10} %m%n</Property>
        <Property name="logfile">d:/logs/testlog.log</Property>
        <Property name="logfile-archive">d:/logs/testlog_%d{yyyy-MM-dd}-%i.log</Property>
    </Properties>

	<Appenders>
		<Console name="Console" target="SYSTEM_OUT">
			<PatternLayout>
				<pattern>${format1}</pattern>
			</PatternLayout>
		</Console>

		 <RollingFile name="rolling" fileName="C:/log/logfile001" filePattern="C:/log/app-%d{yyyy-MM-dd}-%i.zip">
    		    <PatternLayout pattern="${loglayout}"/>
        		<Policies>
            		<OnStartupTriggeringPolicy />
            		<SizeBasedTriggeringPolicy size="20 MB" />
            		<TimeBasedTriggeringPolicy />
        		</Policies>
        		<DefaultRolloverStrategy max="10"/>
    	</RollingFile>
	</Appenders>

	<Loggers>

		<Root level="trace">
			<AppenderRef ref="Console" />
			<AppenderRef ref="logfile001" />
		</Root>
	</Loggers>
</Configuration>
*****************************************************************************************
-->
